sample_id,category,bandwidth_mbps,selected_action,state_0_bandwidth,state_1_payload_complexity,state_2_extract_complexity,state_3_encode_complexity,state_4_edge_density,cat_0,cat_1,cat_2,cat_3,cat_4,cat_5,proj_x,proj_y,action_label
artifact_001,Artifact,0.8,cond_png_l6_ds1,0.08,0.26911151263690913,0.5446679006672506,0.10477241508382075,0.15813975270672403,1.0,0.0,0.0,0.0,0.0,0.0,24.931746,-2.4522116,PNG-L6 / ds1
artifact_001,Artifact,1.0,cond_png_l6_ds1,0.1,0.26911151263690913,0.5446679006672506,0.10477241508382075,0.15813975270672403,1.0,0.0,0.0,0.0,0.0,0.0,24.887917,-2.589192,PNG-L6 / ds1
artifact_001,Artifact,1.5,cond_png_l6_ds1,0.15,0.26911151263690913,0.5446679006672506,0.10477241508382075,0.15813975270672403,1.0,0.0,0.0,0.0,0.0,0.0,24.753874,-2.808969,PNG-L6 / ds1
artifact_001,Artifact,2.0,cond_png_l6_ds1,0.2,0.26911151263690913,0.5446679006672506,0.10477241508382075,0.15813975270672403,1.0,0.0,0.0,0.0,0.0,0.0,24.575527,-2.9574866,PNG-L6 / ds1
artifact_001,Artifact,3.0,cond_png_l6_ds1,0.3,0.26911151263690913,0.5446679006672506,0.10477241508382075,0.15813975270672403,1.0,0.0,0.0,0.0,0.0,0.0,24.113945,-3.376058,PNG-L6 / ds1
artifact_001,Artifact,5.0,cond_png_l6_ds1,0.5,0.26911151263690913,0.5446679006672506,0.10477241508382075,0.15813975270672403,1.0,0.0,0.0,0.0,0.0,0.0,23.12132,-4.640636,PNG-L6 / ds1
artifact_001,Artifact,8.0,cond_png_l6_ds1,0.8,0.26911151263690913,0.5446679006672506,0.10477241508382075,0.15813975270672403,1.0,0.0,0.0,0.0,0.0,0.0,21.843534,-5.5541,PNG-L6 / ds1
artifact_001,Artifact,10.0,cond_png_l6_ds1,1.0,0.26911151263690913,0.5446679006672506,0.10477241508382075,0.15813975270672403,1.0,0.0,0.0,0.0,0.0,0.0,21.415134,-5.9070086,PNG-L6 / ds1
artifact_002,Artifact,0.8,cond_png_l6_ds1,0.08,0.40357804100024536,0.4533852028906443,0.24229573057921572,0.33588259714597724,0.0,0.0,1.0,0.0,0.0,0.0,-4.025866,-15.828931,PNG-L6 / ds1
artifact_002,Artifact,1.0,cond_png_l6_ds1,0.1,0.40357804100024536,0.4533852028906443,0.24229573057921572,0.33588259714597724,0.0,0.0,1.0,0.0,0.0,0.0,-4.025018,-15.930277,PNG-L6 / ds1
artifact_002,Artifact,1.5,cond_png_l6_ds1,0.15,0.40357804100024536,0.4533852028906443,0.24229573057921572,0.33588259714597724,0.0,0.0,1.0,0.0,0.0,0.0,-4.033593,-16.215855,PNG-L6 / ds1
artifact_002,Artifact,2.0,cond_png_l6_ds1,0.2,0.40357804100024536,0.4533852028906443,0.24229573057921572,0.33588259714597724,0.0,0.0,1.0,0.0,0.0,0.0,-4.0696516,-16.527548,PNG-L6 / ds1
artifact_002,Artifact,3.0,cond_png_l6_ds1,0.3,0.40357804100024536,0.4533852028906443,0.24229573057921572,0.33588259714597724,0.0,0.0,1.0,0.0,0.0,0.0,-4.249877,-17.1926,PNG-L6 / ds1
artifact_002,Artifact,5.0,cond_png_l6_ds1,0.5,0.40357804100024536,0.4533852028906443,0.24229573057921572,0.33588259714597724,0.0,0.0,1.0,0.0,0.0,0.0,-4.9802165,-18.816818,PNG-L6 / ds1
artifact_002,Artifact,8.0,cond_png_l6_ds1,0.8,0.40357804100024536,0.4533852028906443,0.24229573057921572,0.33588259714597724,0.0,0.0,1.0,0.0,0.0,0.0,-5.292525,-20.456581,PNG-L6 / ds1
artifact_002,Artifact,10.0,cond_png_l3_ds1,1.0,0.40357804100024536,0.4533852028906443,0.24229573057921572,0.33588259714597724,0.0,0.0,1.0,0.0,0.0,0.0,-5.429527,-20.940536,PNG-L3 / ds1
artifact_003,Artifact,0.8,cond_png_l6_ds1,0.08,0.17524370385241697,0.4348127694749324,0.08864086144681578,0.14482414683645453,0.0,1.0,0.0,0.0,0.0,0.0,6.2837944,15.362409,PNG-L6 / ds1
artifact_003,Artifact,1.0,cond_png_l6_ds1,0.1,0.17524370385241697,0.4348127694749324,0.08864086144681578,0.14482414683645453,0.0,1.0,0.0,0.0,0.0,0.0,6.2221627,15.442999,PNG-L6 / ds1
artifact_003,Artifact,1.5,cond_png_l6_ds1,0.15,0.17524370385241697,0.4348127694749324,0.08864086144681578,0.14482414683645453,0.0,1.0,0.0,0.0,0.0,0.0,5.968726,15.705673,PNG-L6 / ds1
artifact_003,Artifact,2.0,cond_png_l6_ds1,0.2,0.17524370385241697,0.4348127694749324,0.08864086144681578,0.14482414683645453,0.0,1.0,0.0,0.0,0.0,0.0,5.730532,15.915252,PNG-L6 / ds1
artifact_003,Artifact,3.0,cond_png_l6_ds1,0.3,0.17524370385241697,0.4348127694749324,0.08864086144681578,0.14482414683645453,0.0,1.0,0.0,0.0,0.0,0.0,5.3227363,16.209822,PNG-L6 / ds1
artifact_003,Artifact,5.0,cond_png_l6_ds1,0.5,0.17524370385241697,0.4348127694749324,0.08864086144681578,0.14482414683645453,0.0,1.0,0.0,0.0,0.0,0.0,4.5431023,16.748806,PNG-L6 / ds1
artifact_003,Artifact,8.0,cond_png_l6_ds1,0.8,0.17524370385241697,0.4348127694749324,0.08864086144681578,0.14482414683645453,0.0,1.0,0.0,0.0,0.0,0.0,3.7760158,17.70741,PNG-L6 / ds1
artifact_003,Artifact,10.0,cond_png_l6_ds1,1.0,0.17524370385241697,0.4348127694749324,0.08864086144681578,0.14482414683645453,0.0,1.0,0.0,0.0,0.0,0.0,3.5609562,18.122417,PNG-L6 / ds1
artifact_008,Artifact,0.8,cond_png_l6_ds1,0.08,0.09154788195141537,0.4249034354861088,0.04761480441873878,0.056799107039205946,1.0,0.0,0.0,0.0,0.0,0.0,26.3884,-4.00312,PNG-L6 / ds1
artifact_008,Artifact,1.0,cond_png_l6_ds1,0.1,0.09154788195141537,0.4249034354861088,0.04761480441873878,0.056799107039205946,1.0,0.0,0.0,0.0,0.0,0.0,26.293707,-4.0626464,PNG-L6 / ds1
artifact_008,Artifact,1.5,cond_png_l6_ds1,0.15,0.09154788195141537,0.4249034354861088,0.04761480441873878,0.056799107039205946,1.0,0.0,0.0,0.0,0.0,0.0,26.029774,-4.2228694,PNG-L6 / ds1
artifact_008,Artifact,2.0,cond_png_l6_ds1,0.2,0.09154788195141537,0.4249034354861088,0.04761480441873878,0.056799107039205946,1.0,0.0,0.0,0.0,0.0,0.0,25.77461,-4.376607,PNG-L6 / ds1
artifact_008,Artifact,3.0,cond_png_l6_ds1,0.3,0.09154788195141537,0.4249034354861088,0.04761480441873878,0.056799107039205946,1.0,0.0,0.0,0.0,0.0,0.0,25.180927,-4.6923356,PNG-L6 / ds1
artifact_008,Artifact,5.0,cond_png_l6_ds1,0.5,0.09154788195141537,0.4249034354861088,0.04761480441873878,0.056799107039205946,1.0,0.0,0.0,0.0,0.0,0.0,23.660925,-5.332032,PNG-L6 / ds1
artifact_008,Artifact,8.0,cond_png_l6_ds1,0.8,0.09154788195141537,0.4249034354861088,0.04761480441873878,0.056799107039205946,1.0,0.0,0.0,0.0,0.0,0.0,22.223078,-6.1755185,PNG-L6 / ds1
artifact_008,Artifact,10.0,cond_png_l6_ds1,1.0,0.09154788195141537,0.4249034354861088,0.04761480441873878,0.056799107039205946,1.0,0.0,0.0,0.0,0.0,0.0,21.749825,-6.410346,PNG-L6 / ds1
artifact_013,Artifact,0.8,cond_png_l6_ds1,0.08,0.2942961029690602,0.514289772560624,0.13001354339064639,0.19850972190778607,0.0,1.0,0.0,0.0,0.0,0.0,6.4215055,15.827114,PNG-L6 / ds1
artifact_013,Artifact,1.0,cond_png_l6_ds1,0.1,0.2942961029690602,0.514289772560624,0.13001354339064639,0.19850972190778607,0.0,1.0,0.0,0.0,0.0,0.0,6.3626904,15.8863,PNG-L6 / ds1
artifact_013,Artifact,1.5,cond_png_l6_ds1,0.15,0.2942961029690602,0.514289772560624,0.13001354339064639,0.19850972190778607,0.0,1.0,0.0,0.0,0.0,0.0,6.188429,16.039688,PNG-L6 / ds1
artifact_013,Artifact,2.0,cond_png_l6_ds1,0.2,0.2942961029690602,0.514289772560624,0.13001354339064639,0.19850972190778607,0.0,1.0,0.0,0.0,0.0,0.0,5.997247,16.179327,PNG-L6 / ds1
artifact_013,Artifact,3.0,cond_png_l6_ds1,0.3,0.2942961029690602,0.514289772560624,0.13001354339064639,0.19850972190778607,0.0,1.0,0.0,0.0,0.0,0.0,5.5917172,16.433214,PNG-L6 / ds1
artifact_013,Artifact,5.0,cond_png_l6_ds1,0.5,0.2942961029690602,0.514289772560624,0.13001354339064639,0.19850972190778607,0.0,1.0,0.0,0.0,0.0,0.0,4.748267,16.935383,PNG-L6 / ds1
artifact_013,Artifact,8.0,cond_png_l6_ds1,0.8,0.2942961029690602,0.514289772560624,0.13001354339064639,0.19850972190778607,0.0,1.0,0.0,0.0,0.0,0.0,3.995022,17.913403,PNG-L6 / ds1
artifact_013,Artifact,10.0,cond_png_l6_ds1,1.0,0.2942961029690602,0.514289772560624,0.13001354339064639,0.19850972190778607,0.0,1.0,0.0,0.0,0.0,0.0,3.7849667,18.241133,PNG-L6 / ds1
artifact_017,Artifact,0.8,cond_png_l6_ds1,0.08,0.13571571973499297,0.6052591236538036,0.07048165205523116,0.12686849359856434,0.0,1.0,0.0,0.0,0.0,0.0,5.8502917,15.016983,PNG-L6 / ds1
artifact_017,Artifact,1.0,cond_png_l6_ds1,0.1,0.13571571973499297,0.6052591236538036,0.07048165205523116,0.12686849359856434,0.0,1.0,0.0,0.0,0.0,0.0,5.7574224,15.0884075,PNG-L6 / ds1
artifact_017,Artifact,1.5,cond_png_l6_ds1,0.15,0.13571571973499297,0.6052591236538036,0.07048165205523116,0.12686849359856434,0.0,1.0,0.0,0.0,0.0,0.0,5.478869,15.338086,PNG-L6 / ds1
artifact_017,Artifact,2.0,cond_png_l6_ds1,0.2,0.13571571973499297,0.6052591236538036,0.07048165205523116,0.12686849359856434,0.0,1.0,0.0,0.0,0.0,0.0,5.2902093,15.54013,PNG-L6 / ds1
artifact_017,Artifact,3.0,cond_png_l6_ds1,0.3,0.13571571973499297,0.6052591236538036,0.07048165205523116,0.12686849359856434,0.0,1.0,0.0,0.0,0.0,0.0,4.9633183,15.876278,PNG-L6 / ds1
artifact_017,Artifact,5.0,cond_png_l6_ds1,0.5,0.13571571973499297,0.6052591236538036,0.07048165205523116,0.12686849359856434,0.0,1.0,0.0,0.0,0.0,0.0,4.35984,16.56893,PNG-L6 / ds1
artifact_017,Artifact,8.0,cond_png_l6_ds1,0.8,0.13571571973499297,0.6052591236538036,0.07048165205523116,0.12686849359856434,0.0,1.0,0.0,0.0,0.0,0.0,3.6783457,17.633522,PNG-L6 / ds1
artifact_017,Artifact,10.0,cond_png_l6_ds1,1.0,0.13571571973499297,0.6052591236538036,0.07048165205523116,0.12686849359856434,0.0,1.0,0.0,0.0,0.0,0.0,3.506649,18.065372,PNG-L6 / ds1
artifact_020,Artifact,0.8,cond_png_l6_ds1,0.08,0.1586249972116264,0.4746354658819605,0.10995544576151466,0.08884119144590344,1.0,0.0,0.0,0.0,0.0,0.0,25.910713,-3.4892137,PNG-L6 / ds1
artifact_020,Artifact,1.0,cond_png_l6_ds1,0.1,0.1586249972116264,0.4746354658819605,0.10995544576151466,0.08884119144590344,1.0,0.0,0.0,0.0,0.0,0.0,25.80444,-3.5338655,PNG-L6 / ds1
artifact_020,Artifact,1.5,cond_png_l6_ds1,0.15,0.1586249972116264,0.4746354658819605,0.10995544576151466,0.08884119144590344,1.0,0.0,0.0,0.0,0.0,0.0,25.587921,-3.6868854,PNG-L6 / ds1
artifact_020,Artifact,2.0,cond_png_l6_ds1,0.2,0.1586249972116264,0.4746354658819605,0.10995544576151466,0.08884119144590344,1.0,0.0,0.0,0.0,0.0,0.0,25.378048,-3.880592,PNG-L6 / ds1
artifact_020,Artifact,3.0,cond_png_l6_ds1,0.3,0.1586249972116264,0.4746354658819605,0.10995544576151466,0.08884119144590344,1.0,0.0,0.0,0.0,0.0,0.0,24.85387,-4.3228455,PNG-L6 / ds1
artifact_020,Artifact,5.0,cond_png_l6_ds1,0.5,0.1586249972116264,0.4746354658819605,0.10995544576151466,0.08884119144590344,1.0,0.0,0.0,0.0,0.0,0.0,23.461082,-5.1049347,PNG-L6 / ds1
artifact_020,Artifact,8.0,cond_png_l6_ds1,0.8,0.1586249972116264,0.4746354658819605,0.10995544576151466,0.08884119144590344,1.0,0.0,0.0,0.0,0.0,0.0,22.119392,-5.9427257,PNG-L6 / ds1
artifact_020,Artifact,10.0,cond_png_l6_ds1,1.0,0.1586249972116264,0.4746354658819605,0.10995544576151466,0.08884119144590344,1.0,0.0,0.0,0.0,0.0,0.0,21.622051,-6.229726,PNG-L6 / ds1
artifact_024,Artifact,0.8,cond_png_l6_ds1,0.08,0.15302594302795067,0.5707145104296074,0.10123527670645242,0.08885632664323273,0.0,1.0,0.0,0.0,0.0,0.0,5.9128685,15.086391,PNG-L6 / ds1
artifact_024,Artifact,1.0,cond_png_l6_ds1,0.1,0.15302594302795067,0.5707145104296074,0.10123527670645242,0.08885632664323273,0.0,1.0,0.0,0.0,0.0,0.0,5.819154,15.16111,PNG-L6 / ds1
artifact_024,Artifact,1.5,cond_png_l6_ds1,0.15,0.15302594302795067,0.5707145104296074,0.10123527670645242,0.08885632664323273,0.0,1.0,0.0,0.0,0.0,0.0,5.5538163,15.41837,PNG-L6 / ds1
artifact_024,Artifact,2.0,cond_png_l6_ds1,0.2,0.15302594302795067,0.5707145104296074,0.10123527670645242,0.08885632664323273,0.0,1.0,0.0,0.0,0.0,0.0,5.3589735,15.615286,PNG-L6 / ds1
artifact_024,Artifact,3.0,cond_png_l6_ds1,0.3,0.15302594302795067,0.5707145104296074,0.10123527670645242,0.08885632664323273,0.0,1.0,0.0,0.0,0.0,0.0,5.0163035,15.927862,PNG-L6 / ds1
artifact_024,Artifact,5.0,cond_png_l6_ds1,0.5,0.15302594302795067,0.5707145104296074,0.10123527670645242,0.08885632664323273,0.0,1.0,0.0,0.0,0.0,0.0,4.3871107,16.591599,PNG-L6 / ds1
artifact_024,Artifact,8.0,cond_png_l6_ds1,0.8,0.15302594302795067,0.5707145104296074,0.10123527670645242,0.08885632664323273,0.0,1.0,0.0,0.0,0.0,0.0,3.6931162,17.63945,PNG-L6 / ds1
artifact_024,Artifact,10.0,cond_png_l6_ds1,1.0,0.15302594302795067,0.5707145104296074,0.10123527670645242,0.08885632664323273,0.0,1.0,0.0,0.0,0.0,0.0,3.5148776,18.066103,PNG-L6 / ds1
artifact_030,Artifact,0.8,cond_png_l6_ds1,0.08,0.06701019429387227,0.5113762036391443,0.06559977640077852,0.03322096571909502,1.0,0.0,0.0,0.0,0.0,0.0,26.381506,-3.5715349,PNG-L6 / ds1
artifact_030,Artifact,1.0,cond_png_l6_ds1,0.1,0.06701019429387227,0.5113762036391443,0.06559977640077852,0.03322096571909502,1.0,0.0,0.0,0.0,0.0,0.0,26.304394,-3.624736,PNG-L6 / ds1
artifact_030,Artifact,1.5,cond_png_l6_ds1,0.15,0.06701019429387227,0.5113762036391443,0.06559977640077852,0.03322096571909502,1.0,0.0,0.0,0.0,0.0,0.0,26.041185,-3.8558218,PNG-L6 / ds1
artifact_030,Artifact,2.0,cond_png_l6_ds1,0.2,0.06701019429387227,0.5113762036391443,0.06559977640077852,0.03322096571909502,1.0,0.0,0.0,0.0,0.0,0.0,25.707327,-4.1403127,PNG-L6 / ds1
artifact_030,Artifact,3.0,cond_png_l6_ds1,0.3,0.06701019429387227,0.5113762036391443,0.06559977640077852,0.03322096571909502,1.0,0.0,0.0,0.0,0.0,0.0,25.05465,-4.543438,PNG-L6 / ds1
artifact_030,Artifact,5.0,cond_png_l6_ds1,0.5,0.06701019429387227,0.5113762036391443,0.06559977640077852,0.03322096571909502,1.0,0.0,0.0,0.0,0.0,0.0,23.564676,-5.2256465,PNG-L6 / ds1
artifact_030,Artifact,8.0,cond_png_l6_ds1,0.8,0.06701019429387227,0.5113762036391443,0.06559977640077852,0.03322096571909502,1.0,0.0,0.0,0.0,0.0,0.0,22.18174,-6.0797133,PNG-L6 / ds1
artifact_030,Artifact,10.0,cond_png_l6_ds1,1.0,0.06701019429387227,0.5113762036391443,0.06559977640077852,0.03322096571909502,1.0,0.0,0.0,0.0,0.0,0.0,21.704462,-6.3391438,PNG-L6 / ds1
artifact_034,Artifact,0.8,cond_png_l6_ds1,0.08,0.03056057462803096,0.6376144821942136,0.05274327161041341,0.007617560664208531,0.0,1.0,0.0,0.0,0.0,0.0,5.3203616,14.691754,PNG-L6 / ds1
artifact_034,Artifact,1.0,cond_png_l6_ds1,0.1,0.03056057462803096,0.6376144821942136,0.05274327161041341,0.007617560664208531,0.0,1.0,0.0,0.0,0.0,0.0,5.241488,14.750103,PNG-L6 / ds1
artifact_034,Artifact,1.5,cond_png_l6_ds1,0.15,0.03056057462803096,0.6376144821942136,0.05274327161041341,0.007617560664208531,0.0,1.0,0.0,0.0,0.0,0.0,5.044567,14.918935,PNG-L6 / ds1
artifact_034,Artifact,2.0,cond_png_l6_ds1,0.2,0.03056057462803096,0.6376144821942136,0.05274327161041341,0.007617560664208531,0.0,1.0,0.0,0.0,0.0,0.0,4.887591,15.083927,PNG-L6 / ds1
artifact_034,Artifact,3.0,cond_png_l6_ds1,0.3,0.03056057462803096,0.6376144821942136,0.05274327161041341,0.007617560664208531,0.0,1.0,0.0,0.0,0.0,0.0,4.610591,15.4337435,PNG-L6 / ds1
artifact_034,Artifact,5.0,cond_png_l6_ds1,0.5,0.03056057462803096,0.6376144821942136,0.05274327161041341,0.007617560664208531,0.0,1.0,0.0,0.0,0.0,0.0,4.0798726,16.29936,PNG-L6 / ds1
artifact_034,Artifact,8.0,cond_png_l6_ds1,0.8,0.03056057462803096,0.6376144821942136,0.05274327161041341,0.007617560664208531,0.0,1.0,0.0,0.0,0.0,0.0,3.429257,17.480896,PNG-L6 / ds1
artifact_034,Artifact,10.0,cond_png_l6_ds1,1.0,0.03056057462803096,0.6376144821942136,0.05274327161041341,0.007617560664208531,0.0,1.0,0.0,0.0,0.0,0.0,3.2813838,17.913013,PNG-L6 / ds1
artifact_038,Artifact,0.8,cond_png_l6_ds1,0.08,0.454081063597225,0.7685547804127989,0.4217125903437398,0.4143705608208697,0.0,1.0,0.0,0.0,0.0,0.0,6.8330755,17.495035,PNG-L6 / ds1
artifact_038,Artifact,1.0,cond_png_l6_ds1,0.1,0.454081063597225,0.7685547804127989,0.4217125903437398,0.4143705608208697,0.0,1.0,0.0,0.0,0.0,0.0,6.8130665,17.515364,PNG-L6 / ds1
artifact_038,Artifact,1.5,cond_png_l6_ds1,0.15,0.454081063597225,0.7685547804127989,0.4217125903437398,0.4143705608208697,0.0,1.0,0.0,0.0,0.0,0.0,6.7593946,17.569132,PNG-L6 / ds1
artifact_038,Artifact,2.0,cond_png_l6_ds1,0.2,0.454081063597225,0.7685547804127989,0.4217125903437398,0.4143705608208697,0.0,1.0,0.0,0.0,0.0,0.0,6.7008743,17.62731,PNG-L6 / ds1
artifact_038,Artifact,3.0,cond_png_l6_ds1,0.3,0.454081063597225,0.7685547804127989,0.4217125903437398,0.4143705608208697,0.0,1.0,0.0,0.0,0.0,0.0,6.558008,17.757145,PNG-L6 / ds1
artifact_038,Artifact,5.0,cond_png_l6_ds1,0.5,0.454081063597225,0.7685547804127989,0.4217125903437398,0.4143705608208697,0.0,1.0,0.0,0.0,0.0,0.0,6.1160927,18.05172,PNG-L6 / ds1
artifact_038,Artifact,8.0,cond_png_l6_ds1,0.8,0.454081063597225,0.7685547804127989,0.4217125903437398,0.4143705608208697,0.0,1.0,0.0,0.0,0.0,0.0,5.0019045,18.48383,PNG-L6 / ds1
artifact_038,Artifact,10.0,cond_png_l3_ds1,1.0,0.454081063597225,0.7685547804127989,0.4217125903437398,0.4143705608208697,0.0,1.0,0.0,0.0,0.0,0.0,4.665773,18.579817,PNG-L3 / ds1
artifact_040,Artifact,0.8,cond_png_l6_ds1,0.08,0.6287001717638137,0.8042278055797542,0.7465901849253271,0.5432341270014218,1.0,0.0,0.0,0.0,0.0,0.0,21.936157,-1.4822015,PNG-L6 / ds1
artifact_040,Artifact,1.0,cond_png_l6_ds1,0.1,0.6287001717638137,0.8042278055797542,0.7465901849253271,0.5432341270014218,1.0,0.0,0.0,0.0,0.0,0.0,21.926563,-1.4908932,PNG-L6 / ds1
artifact_040,Artifact,1.5,cond_png_l6_ds1,0.15,0.6287001717638137,0.8042278055797542,0.7465901849253271,0.5432341270014218,1.0,0.0,0.0,0.0,0.0,0.0,21.899454,-1.513334,PNG-L6 / ds1
artifact_040,Artifact,2.0,cond_png_l6_ds1,0.2,0.6287001717638137,0.8042278055797542,0.7465901849253271,0.5432341270014218,1.0,0.0,0.0,0.0,0.0,0.0,21.874111,-1.5381882,PNG-L6 / ds1
artifact_040,Artifact,3.0,cond_png_l6_ds1,0.3,0.6287001717638137,0.8042278055797542,0.7465901849253271,0.5432341270014218,1.0,0.0,0.0,0.0,0.0,0.0,21.813639,-1.5971569,PNG-L6 / ds1
artifact_040,Artifact,5.0,cond_png_l6_ds1,0.5,0.6287001717638137,0.8042278055797542,0.7465901849253271,0.5432341270014218,1.0,0.0,0.0,0.0,0.0,0.0,21.654312,-1.7751293,PNG-L6 / ds1
artifact_040,Artifact,8.0,cond_png_l3_ds1,0.8,0.6287001717638137,0.8042278055797542,0.7465901849253271,0.5432341270014218,1.0,0.0,0.0,0.0,0.0,0.0,21.400522,-2.1093585,PNG-L3 / ds1
artifact_040,Artifact,10.0,cond_png_l3_ds1,1.0,0.6287001717638137,0.8042278055797542,0.7465901849253271,0.5432341270014218,1.0,0.0,0.0,0.0,0.0,0.0,21.29311,-2.2804656,PNG-L3 / ds1
artifact_044,Artifact,0.8,cond_png_l6_ds1,0.08,0.2510651587142252,0.6469377458970766,0.15355606773944083,0.1499478469627106,1.0,0.0,0.0,0.0,0.0,0.0,24.991518,-2.159298,PNG-L6 / ds1
artifact_044,Artifact,1.0,cond_png_l6_ds1,0.1,0.2510651587142252,0.6469377458970766,0.15355606773944083,0.1499478469627106,1.0,0.0,0.0,0.0,0.0,0.0,24.933697,-2.223181,PNG-L6 / ds1
artifact_044,Artifact,1.5,cond_png_l6_ds1,0.15,0.2510651587142252,0.6469377458970766,0.15355606773944083,0.1499478469627106,1.0,0.0,0.0,0.0,0.0,0.0,24.729532,-2.441881,PNG-L6 / ds1
artifact_044,Artifact,2.0,cond_png_l6_ds1,0.2,0.2510651587142252,0.6469377458970766,0.15355606773944083,0.1499478469627106,1.0,0.0,0.0,0.0,0.0,0.0,24.498419,-2.6873853,PNG-L6 / ds1
artifact_044,Artifact,3.0,cond_png_l6_ds1,0.3,0.2510651587142252,0.6469377458970766,0.15355606773944083,0.1499478469627106,1.0,0.0,0.0,0.0,0.0,0.0,24.034723,-3.2007096,PNG-L6 / ds1
artifact_044,Artifact,5.0,cond_png_l6_ds1,0.5,0.2510651587142252,0.6469377458970766,0.15355606773944083,0.1499478469627106,1.0,0.0,0.0,0.0,0.0,0.0,23.054884,-4.530803,PNG-L6 / ds1
artifact_044,Artifact,8.0,cond_png_l6_ds1,0.8,0.2510651587142252,0.6469377458970766,0.15355606773944083,0.1499478469627106,1.0,0.0,0.0,0.0,0.0,0.0,21.778421,-5.481727,PNG-L6 / ds1
artifact_044,Artifact,10.0,cond_png_l6_ds1,1.0,0.2510651587142252,0.6469377458970766,0.15355606773944083,0.1499478469627106,1.0,0.0,0.0,0.0,0.0,0.0,21.386295,-5.816471,PNG-L6 / ds1
artifact_048,Artifact,0.8,cond_png_l6_ds1,0.08,0.14952374578955588,0.6502689326378035,0.11417032635199642,0.07733931313621813,1.0,0.0,0.0,0.0,0.0,0.0,25.704916,-2.4869163,PNG-L6 / ds1
artifact_048,Artifact,1.0,cond_png_l6_ds1,0.1,0.14952374578955588,0.6502689326378035,0.11417032635199642,0.07733931313621813,1.0,0.0,0.0,0.0,0.0,0.0,25.665304,-2.545885,PNG-L6 / ds1
artifact_048,Artifact,1.5,cond_png_l6_ds1,0.15,0.14952374578955588,0.6502689326378035,0.11417032635199642,0.07733931313621813,1.0,0.0,0.0,0.0,0.0,0.0,25.54126,-2.690825,PNG-L6 / ds1
artifact_048,Artifact,2.0,cond_png_l6_ds1,0.2,0.14952374578955588,0.6502689326378035,0.11417032635199642,0.07733931313621813,1.0,0.0,0.0,0.0,0.0,0.0,25.263191,-2.9503803,PNG-L6 / ds1
artifact_048,Artifact,3.0,cond_png_l6_ds1,0.3,0.14952374578955588,0.6502689326378035,0.11417032635199642,0.07733931313621813,1.0,0.0,0.0,0.0,0.0,0.0,24.39434,-3.6724234,PNG-L6 / ds1
artifact_048,Artifact,5.0,cond_png_l6_ds1,0.5,0.14952374578955588,0.6502689326378035,0.11417032635199642,0.07733931313621813,1.0,0.0,0.0,0.0,0.0,0.0,23.234722,-4.7938733,PNG-L6 / ds1
artifact_048,Artifact,8.0,cond_png_l6_ds1,0.8,0.14952374578955588,0.6502689326378035,0.11417032635199642,0.07733931313621813,1.0,0.0,0.0,0.0,0.0,0.0,21.959253,-5.69226,PNG-L6 / ds1
artifact_048,Artifact,10.0,cond_png_l6_ds1,1.0,0.14952374578955588,0.6502689326378035,0.11417032635199642,0.07733931313621813,1.0,0.0,0.0,0.0,0.0,0.0,21.486273,-6.0166526,PNG-L6 / ds1
artifact_052,Artifact,0.8,cond_png_l6_ds1,0.08,0.060273483682437706,0.7098598240208136,0.07266309040889742,0.030817837123247496,1.0,0.0,0.0,0.0,0.0,0.0,26.301249,-2.4038675,PNG-L6 / ds1
artifact_052,Artifact,1.0,cond_png_l6_ds1,0.1,0.060273483682437706,0.7098598240208136,0.07266309040889742,0.030817837123247496,1.0,0.0,0.0,0.0,0.0,0.0,26.269243,-2.4284518,PNG-L6 / ds1
artifact_052,Artifact,1.5,cond_png_l6_ds1,0.15,0.060273483682437706,0.7098598240208136,0.07266309040889742,0.030817837123247496,1.0,0.0,0.0,0.0,0.0,0.0,26.200293,-2.4854867,PNG-L6 / ds1
artifact_052,Artifact,2.0,cond_png_l6_ds1,0.2,0.060273483682437706,0.7098598240208136,0.07266309040889742,0.030817837123247496,1.0,0.0,0.0,0.0,0.0,0.0,26.133429,-2.5476964,PNG-L6 / ds1
artifact_052,Artifact,3.0,cond_png_l6_ds1,0.3,0.060273483682437706,0.7098598240208136,0.07266309040889742,0.030817837123247496,1.0,0.0,0.0,0.0,0.0,0.0,24.427895,-3.9328103,PNG-L6 / ds1
artifact_052,Artifact,5.0,cond_png_l6_ds1,0.5,0.060273483682437706,0.7098598240208136,0.07266309040889742,0.030817837123247496,1.0,0.0,0.0,0.0,0.0,0.0,23.313562,-4.8861923,PNG-L6 / ds1
artifact_052,Artifact,8.0,cond_png_l6_ds1,0.8,0.060273483682437706,0.7098598240208136,0.07266309040889742,0.030817837123247496,1.0,0.0,0.0,0.0,0.0,0.0,22.046501,-5.8059745,PNG-L6 / ds1
artifact_052,Artifact,10.0,cond_png_l6_ds1,1.0,0.060273483682437706,0.7098598240208136,0.07266309040889742,0.030817837123247496,1.0,0.0,0.0,0.0,0.0,0.0,21.4814,-6.1765113,PNG-L6 / ds1
cloth_001,Cultural Clothing,0.8,cond_png_l6_ds1,0.08,0.2575341854603047,0.7826205300141986,0.20133726143463224,0.17827182354800564,0.0,0.0,0.0,1.0,0.0,0.0,-16.607288,10.129376,PNG-L6 / ds1
cloth_001,Cultural Clothing,1.0,cond_png_l6_ds1,0.1,0.2575341854603047,0.7826205300141986,0.20133726143463224,0.17827182354800564,0.0,0.0,0.0,1.0,0.0,0.0,-16.67766,10.14324,PNG-L6 / ds1
cloth_001,Cultural Clothing,1.5,cond_png_l6_ds1,0.15,0.2575341854603047,0.7826205300141986,0.20133726143463224,0.17827182354800564,0.0,0.0,0.0,1.0,0.0,0.0,-16.984571,10.180545,PNG-L6 / ds1
cloth_001,Cultural Clothing,2.0,cond_png_l6_ds1,0.2,0.2575341854603047,0.7826205300141986,0.20133726143463224,0.17827182354800564,0.0,0.0,0.0,1.0,0.0,0.0,-17.227043,10.157592,PNG-L6 / ds1
cloth_001,Cultural Clothing,3.0,cond_png_l6_ds1,0.3,0.2575341854603047,0.7826205300141986,0.20133726143463224,0.17827182354800564,0.0,0.0,0.0,1.0,0.0,0.0,-17.505074,10.104142,PNG-L6 / ds1
cloth_001,Cultural Clothing,5.0,cond_png_l6_ds1,0.5,0.2575341854603047,0.7826205300141986,0.20133726143463224,0.17827182354800564,0.0,0.0,0.0,1.0,0.0,0.0,-17.989893,9.996961,PNG-L6 / ds1
cloth_001,Cultural Clothing,8.0,cond_png_l6_ds1,0.8,0.2575341854603047,0.7826205300141986,0.20133726143463224,0.17827182354800564,0.0,0.0,0.0,1.0,0.0,0.0,-18.674551,9.797838,PNG-L6 / ds1
cloth_001,Cultural Clothing,10.0,cond_png_l3_ds1,1.0,0.2575341854603047,0.7826205300141986,0.20133726143463224,0.17827182354800564,0.0,0.0,0.0,1.0,0.0,0.0,-19.03869,9.665767,PNG-L3 / ds1
cloth_005,Cultural Clothing,0.8,cond_png_l6_ds1,0.08,0.36625844877200026,0.616626967407961,0.18595352111515376,0.24808426834118474,0.0,0.0,0.0,1.0,0.0,0.0,-16.619446,9.79262,PNG-L6 / ds1
cloth_005,Cultural Clothing,1.0,cond_png_l6_ds1,0.1,0.36625844877200026,0.616626967407961,0.18595352111515376,0.24808426834118474,0.0,0.0,0.0,1.0,0.0,0.0,-16.689396,9.772988,PNG-L6 / ds1
cloth_005,Cultural Clothing,1.5,cond_png_l6_ds1,0.15,0.36625844877200026,0.616626967407961,0.18595352111515376,0.24808426834118474,0.0,0.0,0.0,1.0,0.0,0.0,-16.966017,9.70895,PNG-L6 / ds1
cloth_005,Cultural Clothing,2.0,cond_png_l6_ds1,0.2,0.36625844877200026,0.616626967407961,0.18595352111515376,0.24808426834118474,0.0,0.0,0.0,1.0,0.0,0.0,-17.17433,9.686818,PNG-L6 / ds1
cloth_005,Cultural Clothing,3.0,cond_png_l6_ds1,0.3,0.36625844877200026,0.616626967407961,0.18595352111515376,0.24808426834118474,0.0,0.0,0.0,1.0,0.0,0.0,-17.444107,9.673869,PNG-L6 / ds1
cloth_005,Cultural Clothing,5.0,cond_png_l6_ds1,0.5,0.36625844877200026,0.616626967407961,0.18595352111515376,0.24808426834118474,0.0,0.0,0.0,1.0,0.0,0.0,-17.931686,9.639364,PNG-L6 / ds1
cloth_005,Cultural Clothing,8.0,cond_png_l6_ds1,0.8,0.36625844877200026,0.616626967407961,0.18595352111515376,0.24808426834118474,0.0,0.0,0.0,1.0,0.0,0.0,-18.630756,9.581423,PNG-L6 / ds1
cloth_005,Cultural Clothing,10.0,cond_png_l6_ds1,1.0,0.36625844877200026,0.616626967407961,0.18595352111515376,0.24808426834118474,0.0,0.0,0.0,1.0,0.0,0.0,-19.009714,9.557638,PNG-L6 / ds1
cloth_009,Cultural Clothing,0.8,cond_png_l6_ds1,0.08,0.4508688572129648,0.6679757964233431,0.27993594860809146,0.3369254597870882,0.0,0.0,0.0,1.0,0.0,0.0,-16.652655,9.428235,PNG-L6 / ds1
cloth_009,Cultural Clothing,1.0,cond_png_l6_ds1,0.1,0.4508688572129648,0.6679757964233431,0.27993594860809146,0.3369254597870882,0.0,0.0,0.0,1.0,0.0,0.0,-16.731993,9.389715,PNG-L6 / ds1
cloth_009,Cultural Clothing,1.5,cond_png_l6_ds1,0.15,0.4508688572129648,0.6679757964233431,0.27993594860809146,0.3369254597870882,0.0,0.0,0.0,1.0,0.0,0.0,-16.936821,9.323434,PNG-L6 / ds1
cloth_009,Cultural Clothing,2.0,cond_png_l6_ds1,0.2,0.4508688572129648,0.6679757964233431,0.27993594860809146,0.3369254597870882,0.0,0.0,0.0,1.0,0.0,0.0,-17.113485,9.305648,PNG-L6 / ds1
cloth_009,Cultural Clothing,3.0,cond_png_l6_ds1,0.3,0.4508688572129648,0.6679757964233431,0.27993594860809146,0.3369254597870882,0.0,0.0,0.0,1.0,0.0,0.0,-17.384953,9.313056,PNG-L6 / ds1
cloth_009,Cultural Clothing,5.0,cond_png_l6_ds1,0.5,0.4508688572129648,0.6679757964233431,0.27993594860809146,0.3369254597870882,0.0,0.0,0.0,1.0,0.0,0.0,-17.88441,9.332858,PNG-L6 / ds1
cloth_009,Cultural Clothing,8.0,cond_png_l6_ds1,0.8,0.4508688572129648,0.6679757964233431,0.27993594860809146,0.3369254597870882,0.0,0.0,0.0,1.0,0.0,0.0,-18.60655,9.368619,PNG-L6 / ds1
cloth_009,Cultural Clothing,10.0,cond_png_l3_ds1,1.0,0.4508688572129648,0.6679757964233431,0.27993594860809146,0.3369254597870882,0.0,0.0,0.0,1.0,0.0,0.0,-18.996086,9.420032,PNG-L3 / ds1
cloth_013,Cultural Clothing,0.8,cond_png_l6_ds1,0.08,0.19331236476388053,0.5951039180757621,0.13553430751321993,0.13492434105035575,0.0,0.0,0.0,1.0,0.0,0.0,-16.761238,10.4330635,PNG-L6 / ds1
cloth_013,Cultural Clothing,1.0,cond_png_l6_ds1,0.1,0.19331236476388053,0.5951039180757621,0.13553430751321993,0.13492434105035575,0.0,0.0,0.0,1.0,0.0,0.0,-16.858267,10.464572,PNG-L6 / ds1
cloth_013,Cultural Clothing,1.5,cond_png_l6_ds1,0.15,0.19331236476388053,0.5951039180757621,0.13553430751321993,0.13492434105035575,0.0,0.0,0.0,1.0,0.0,0.0,-17.087048,10.484457,PNG-L6 / ds1
cloth_013,Cultural Clothing,2.0,cond_png_l6_ds1,0.2,0.19331236476388053,0.5951039180757621,0.13553430751321993,0.13492434105035575,0.0,0.0,0.0,1.0,0.0,0.0,-17.267706,10.456945,PNG-L6 / ds1
cloth_013,Cultural Clothing,3.0,cond_png_l6_ds1,0.3,0.19331236476388053,0.5951039180757621,0.13553430751321993,0.13492434105035575,0.0,0.0,0.0,1.0,0.0,0.0,-17.534502,10.366507,PNG-L6 / ds1
cloth_013,Cultural Clothing,5.0,cond_png_l6_ds1,0.5,0.19331236476388053,0.5951039180757621,0.13553430751321993,0.13492434105035575,0.0,0.0,0.0,1.0,0.0,0.0,-18.018608,10.199858,PNG-L6 / ds1
cloth_013,Cultural Clothing,8.0,cond_png_l6_ds1,0.8,0.19331236476388053,0.5951039180757621,0.13553430751321993,0.13492434105035575,0.0,0.0,0.0,1.0,0.0,0.0,-18.701923,9.927486,PNG-L6 / ds1
cloth_013,Cultural Clothing,10.0,cond_png_l6_ds1,1.0,0.19331236476388053,0.5951039180757621,0.13553430751321993,0.13492434105035575,0.0,0.0,0.0,1.0,0.0,0.0,-19.057154,9.751626,PNG-L6 / ds1
papercut_001,Paper-Cutting,0.8,cond_png_l6_ds1,0.08,0.4257511878471525,0.46201803106420336,0.20797458178146705,0.2769523592325615,0.0,0.0,0.0,0.0,1.0,0.0,-1.9298124,-1.6530873,PNG-L6 / ds1
papercut_001,Paper-Cutting,1.0,cond_png_l6_ds1,0.1,0.4257511878471525,0.46201803106420336,0.20797458178146705,0.2769523592325615,0.0,0.0,0.0,0.0,1.0,0.0,-1.8590095,-1.6495517,PNG-L6 / ds1
papercut_001,Paper-Cutting,1.5,cond_png_l6_ds1,0.15,0.4257511878471525,0.46201803106420336,0.20797458178146705,0.2769523592325615,0.0,0.0,0.0,0.0,1.0,0.0,-1.6969717,-1.6090145,PNG-L6 / ds1
papercut_001,Paper-Cutting,2.0,cond_png_l6_ds1,0.2,0.4257511878471525,0.46201803106420336,0.20797458178146705,0.2769523592325615,0.0,0.0,0.0,0.0,1.0,0.0,-1.5810996,-1.5386945,PNG-L6 / ds1
papercut_001,Paper-Cutting,3.0,cond_png_l6_ds1,0.3,0.4257511878471525,0.46201803106420336,0.20797458178146705,0.2769523592325615,0.0,0.0,0.0,0.0,1.0,0.0,-1.4041392,-1.4021022,PNG-L6 / ds1
papercut_001,Paper-Cutting,5.0,cond_png_l6_ds1,0.5,0.4257511878471525,0.46201803106420336,0.20797458178146705,0.2769523592325615,0.0,0.0,0.0,0.0,1.0,0.0,-1.1525766,-1.1032357,PNG-L6 / ds1
papercut_001,Paper-Cutting,8.0,cond_png_l6_ds1,0.8,0.4257511878471525,0.46201803106420336,0.20797458178146705,0.2769523592325615,0.0,0.0,0.0,0.0,1.0,0.0,-0.81922424,-0.6598476,PNG-L6 / ds1
papercut_001,Paper-Cutting,10.0,cond_png_l6_ds1,1.0,0.4257511878471525,0.46201803106420336,0.20797458178146705,0.2769523592325615,0.0,0.0,0.0,0.0,1.0,0.0,-0.6071554,-0.48924267,PNG-L6 / ds1
papercut_003,Paper-Cutting,0.8,cond_png_l6_ds1,0.08,0.5559347743648085,0.5131310893645354,0.2305487539204163,0.5859619380691498,0.0,0.0,0.0,0.0,0.0,1.0,-11.947544,-3.2000303,PNG-L6 / ds1
papercut_003,Paper-Cutting,1.0,cond_png_l6_ds1,0.1,0.5559347743648085,0.5131310893645354,0.2305487539204163,0.5859619380691498,0.0,0.0,0.0,0.0,0.0,1.0,-11.980815,-3.1933553,PNG-L6 / ds1
papercut_003,Paper-Cutting,1.5,cond_png_l6_ds1,0.15,0.5559347743648085,0.5131310893645354,0.2305487539204163,0.5859619380691498,0.0,0.0,0.0,0.0,0.0,1.0,-12.076472,-3.1764386,PNG-L6 / ds1
papercut_003,Paper-Cutting,2.0,cond_png_l6_ds1,0.2,0.5559347743648085,0.5131310893645354,0.2305487539204163,0.5859619380691498,0.0,0.0,0.0,0.0,0.0,1.0,-12.179049,-3.164976,PNG-L6 / ds1
papercut_003,Paper-Cutting,3.0,cond_png_l6_ds1,0.3,0.5559347743648085,0.5131310893645354,0.2305487539204163,0.5859619380691498,0.0,0.0,0.0,0.0,0.0,1.0,-12.385424,-3.1596503,PNG-L6 / ds1
papercut_003,Paper-Cutting,5.0,cond_png_l6_ds1,0.5,0.5559347743648085,0.5131310893645354,0.2305487539204163,0.5859619380691498,0.0,0.0,0.0,0.0,0.0,1.0,-12.7444515,-3.1723824,PNG-L6 / ds1
papercut_003,Paper-Cutting,8.0,cond_png_l3_ds1,0.8,0.5559347743648085,0.5131310893645354,0.2305487539204163,0.5859619380691498,0.0,0.0,0.0,0.0,0.0,1.0,-13.268522,-3.2336023,PNG-L3 / ds1
papercut_003,Paper-Cutting,10.0,cond_png_l3_ds1,1.0,0.5559347743648085,0.5131310893645354,0.2305487539204163,0.5859619380691498,0.0,0.0,0.0,0.0,0.0,1.0,-13.547811,-3.2959445,PNG-L3 / ds1
papercut_007,Paper-Cutting,0.8,cond_png_l6_ds1,0.08,0.4815409667848937,0.555399107026259,0.21374545052512162,0.3273581925119443,0.0,0.0,0.0,0.0,1.0,0.0,-2.0970354,-1.4835705,PNG-L6 / ds1
papercut_007,Paper-Cutting,1.0,cond_png_l6_ds1,0.1,0.4815409667848937,0.555399107026259,0.21374545052512162,0.3273581925119443,0.0,0.0,0.0,0.0,1.0,0.0,-2.06598,-1.463258,PNG-L6 / ds1
papercut_007,Paper-Cutting,1.5,cond_png_l6_ds1,0.15,0.4815409667848937,0.555399107026259,0.21374545052512162,0.3273581925119443,0.0,0.0,0.0,0.0,1.0,0.0,-1.8287696,-1.4983112,PNG-L6 / ds1
papercut_007,Paper-Cutting,2.0,cond_png_l6_ds1,0.2,0.4815409667848937,0.555399107026259,0.21374545052512162,0.3273581925119443,0.0,0.0,0.0,0.0,1.0,0.0,-1.8895004,-1.1095989,PNG-L6 / ds1
papercut_007,Paper-Cutting,3.0,cond_png_l6_ds1,0.3,0.4815409667848937,0.555399107026259,0.21374545052512162,0.3273581925119443,0.0,0.0,0.0,0.0,1.0,0.0,-1.51414,-1.2281891,PNG-L6 / ds1
papercut_007,Paper-Cutting,5.0,cond_png_l6_ds1,0.5,0.4815409667848937,0.555399107026259,0.21374545052512162,0.3273581925119443,0.0,0.0,0.0,0.0,1.0,0.0,-1.2745568,-0.9306726,PNG-L6 / ds1
papercut_007,Paper-Cutting,8.0,cond_png_l6_ds1,0.8,0.4815409667848937,0.555399107026259,0.21374545052512162,0.3273581925119443,0.0,0.0,0.0,0.0,1.0,0.0,-0.8544633,-0.61759114,PNG-L6 / ds1
papercut_007,Paper-Cutting,10.0,cond_png_l6_ds1,1.0,0.4815409667848937,0.555399107026259,0.21374545052512162,0.3273581925119443,0.0,0.0,0.0,0.0,1.0,0.0,-0.62354416,-0.47580108,PNG-L6 / ds1
papercut_012,Paper-Cutting,0.8,cond_png_l6_ds1,0.08,0.3700283298757501,0.6496693422376617,0.21033129510752754,0.36923958153635883,0.0,0.0,0.0,0.0,1.0,0.0,-2.2186136,-1.2122164,PNG-L6 / ds1
papercut_012,Paper-Cutting,1.0,cond_png_l6_ds1,0.1,0.3700283298757501,0.6496693422376617,0.21033129510752754,0.36923958153635883,0.0,0.0,0.0,0.0,1.0,0.0,-2.1864562,-1.1533114,PNG-L6 / ds1
papercut_012,Paper-Cutting,1.5,cond_png_l6_ds1,0.15,0.3700283298757501,0.6496693422376617,0.21033129510752754,0.36923958153635883,0.0,0.0,0.0,0.0,1.0,0.0,-2.0841658,-1.0548909,PNG-L6 / ds1
papercut_012,Paper-Cutting,2.0,cond_png_l6_ds1,0.2,0.3700283298757501,0.6496693422376617,0.21033129510752754,0.36923958153635883,0.0,0.0,0.0,0.0,1.0,0.0,-1.9849126,-0.96517783,PNG-L6 / ds1
papercut_012,Paper-Cutting,3.0,cond_png_l6_ds1,0.3,0.3700283298757501,0.6496693422376617,0.21033129510752754,0.36923958153635883,0.0,0.0,0.0,0.0,1.0,0.0,-1.7770872,-0.86248744,PNG-L6 / ds1
papercut_012,Paper-Cutting,5.0,cond_png_l6_ds1,0.5,0.3700283298757501,0.6496693422376617,0.21033129510752754,0.36923958153635883,0.0,0.0,0.0,0.0,1.0,0.0,-1.4232432,-0.72451115,PNG-L6 / ds1
papercut_012,Paper-Cutting,8.0,cond_png_l6_ds1,0.8,0.3700283298757501,0.6496693422376617,0.21033129510752754,0.36923958153635883,0.0,0.0,0.0,0.0,1.0,0.0,-0.8934835,-0.5494507,PNG-L6 / ds1
papercut_012,Paper-Cutting,10.0,cond_png_l3_ds1,1.0,0.3700283298757501,0.6496693422376617,0.21033129510752754,0.36923958153635883,0.0,0.0,0.0,0.0,1.0,0.0,-0.63147914,-0.4495858,PNG-L3 / ds1
porcelain_004,Blue-and-White Porcelain,0.8,cond_png_l6_ds1,0.08,0.3240536260010261,0.5035753800791124,0.14002616156012784,0.22391668636487508,0.0,0.0,1.0,0.0,0.0,0.0,-4.547143,-15.824471,PNG-L6 / ds1
porcelain_004,Blue-and-White Porcelain,1.0,cond_png_l6_ds1,0.1,0.3240536260010261,0.5035753800791124,0.14002616156012784,0.22391668636487508,0.0,0.0,1.0,0.0,0.0,0.0,-4.5773034,-15.958994,PNG-L6 / ds1
porcelain_004,Blue-and-White Porcelain,1.5,cond_png_l6_ds1,0.15,0.3240536260010261,0.5035753800791124,0.14002616156012784,0.22391668636487508,0.0,0.0,1.0,0.0,0.0,0.0,-4.6410837,-16.290726,PNG-L6 / ds1
porcelain_004,Blue-and-White Porcelain,2.0,cond_png_l6_ds1,0.2,0.3240536260010261,0.5035753800791124,0.14002616156012784,0.22391668636487508,0.0,0.0,1.0,0.0,0.0,0.0,-4.695331,-16.607672,PNG-L6 / ds1
porcelain_004,Blue-and-White Porcelain,3.0,cond_png_l6_ds1,0.3,0.3240536260010261,0.5035753800791124,0.14002616156012784,0.22391668636487508,0.0,0.0,1.0,0.0,0.0,0.0,-4.8413634,-17.281033,PNG-L6 / ds1
porcelain_004,Blue-and-White Porcelain,5.0,cond_png_l6_ds1,0.5,0.3240536260010261,0.5035753800791124,0.14002616156012784,0.22391668636487508,0.0,0.0,1.0,0.0,0.0,0.0,-5.381765,-18.820599,PNG-L6 / ds1
porcelain_004,Blue-and-White Porcelain,8.0,cond_png_l6_ds1,0.8,0.3240536260010261,0.5035753800791124,0.14002616156012784,0.22391668636487508,0.0,0.0,1.0,0.0,0.0,0.0,-5.6200366,-20.361593,PNG-L6 / ds1
porcelain_004,Blue-and-White Porcelain,10.0,cond_png_l3_ds1,1.0,0.3240536260010261,0.5035753800791124,0.14002616156012784,0.22391668636487508,0.0,0.0,1.0,0.0,0.0,0.0,-5.724267,-20.952642,PNG-L3 / ds1
porcelain_008,Blue-and-White Porcelain,0.8,cond_png_l6_ds1,0.08,0.20203439737669812,0.6379950843876278,0.13385989282191366,0.15210916898970814,0.0,0.0,1.0,0.0,0.0,0.0,-6.761289,-15.775549,PNG-L6 / ds1
porcelain_008,Blue-and-White Porcelain,1.0,cond_png_l6_ds1,0.1,0.20203439737669812,0.6379950843876278,0.13385989282191366,0.15210916898970814,0.0,0.0,1.0,0.0,0.0,0.0,-6.7543454,-15.886755,PNG-L6 / ds1
porcelain_008,Blue-and-White Porcelain,1.5,cond_png_l6_ds1,0.15,0.20203439737669812,0.6379950843876278,0.13385989282191366,0.15210916898970814,0.0,0.0,1.0,0.0,0.0,0.0,-6.7245226,-16.179386,PNG-L6 / ds1
porcelain_008,Blue-and-White Porcelain,2.0,cond_png_l6_ds1,0.2,0.20203439737669812,0.6379950843876278,0.13385989282191366,0.15210916898970814,0.0,0.0,1.0,0.0,0.0,0.0,-6.6871786,-16.4863,PNG-L6 / ds1
porcelain_008,Blue-and-White Porcelain,3.0,cond_png_l6_ds1,0.3,0.20203439737669812,0.6379950843876278,0.13385989282191366,0.15210916898970814,0.0,0.0,1.0,0.0,0.0,0.0,-6.556463,-17.162848,PNG-L6 / ds1
porcelain_008,Blue-and-White Porcelain,5.0,cond_png_l6_ds1,0.5,0.20203439737669812,0.6379950843876278,0.13385989282191366,0.15210916898970814,0.0,0.0,1.0,0.0,0.0,0.0,-6.090946,-18.740438,PNG-L6 / ds1
porcelain_008,Blue-and-White Porcelain,8.0,cond_png_l6_ds1,0.8,0.20203439737669812,0.6379950843876278,0.13385989282191366,0.15210916898970814,0.0,0.0,1.0,0.0,0.0,0.0,-6.1916847,-20.329754,PNG-L6 / ds1
porcelain_008,Blue-and-White Porcelain,10.0,cond_png_l3_ds1,1.0,0.20203439737669812,0.6379950843876278,0.13385989282191366,0.15210916898970814,0.0,0.0,1.0,0.0,0.0,0.0,-6.1884513,-20.86281,PNG-L3 / ds1
porcelain_012,Blue-and-White Porcelain,0.8,cond_png_l6_ds1,0.08,0.3068103236744072,0.6704952430372274,0.20341080287685495,0.23135286238674455,0.0,0.0,1.0,0.0,0.0,0.0,-5.873977,-15.534072,PNG-L6 / ds1
porcelain_012,Blue-and-White Porcelain,1.0,cond_png_l6_ds1,0.1,0.3068103236744072,0.6704952430372274,0.20341080287685495,0.23135286238674455,0.0,0.0,1.0,0.0,0.0,0.0,-5.8719893,-15.669789,PNG-L6 / ds1
porcelain_012,Blue-and-White Porcelain,1.5,cond_png_l6_ds1,0.15,0.3068103236744072,0.6704952430372274,0.20341080287685495,0.23135286238674455,0.0,0.0,1.0,0.0,0.0,0.0,-5.872916,-16.02852,PNG-L6 / ds1
porcelain_012,Blue-and-White Porcelain,2.0,cond_png_l6_ds1,0.2,0.3068103236744072,0.6704952430372274,0.20341080287685495,0.23135286238674455,0.0,0.0,1.0,0.0,0.0,0.0,-5.881113,-16.404726,PNG-L6 / ds1
porcelain_012,Blue-and-White Porcelain,3.0,cond_png_l6_ds1,0.3,0.3068103236744072,0.6704952430372274,0.20341080287685495,0.23135286238674455,0.0,0.0,1.0,0.0,0.0,0.0,-5.8828273,-17.16667,PNG-L6 / ds1
porcelain_012,Blue-and-White Porcelain,5.0,cond_png_l6_ds1,0.5,0.3068103236744072,0.6704952430372274,0.20341080287685495,0.23135286238674455,0.0,0.0,1.0,0.0,0.0,0.0,-5.784158,-18.77198,PNG-L6 / ds1
porcelain_012,Blue-and-White Porcelain,8.0,cond_png_l3_ds1,0.8,0.3068103236744072,0.6704952430372274,0.20341080287685495,0.23135286238674455,0.0,0.0,1.0,0.0,0.0,0.0,-5.9319224,-20.31519,PNG-L3 / ds1
porcelain_012,Blue-and-White Porcelain,10.0,cond_png_l3_ds1,1.0,0.3068103236744072,0.6704952430372274,0.20341080287685495,0.23135286238674455,0.0,0.0,1.0,0.0,0.0,0.0,-5.990096,-20.870428,PNG-L3 / ds1
porcelain_016,Blue-and-White Porcelain,0.8,cond_png_l6_ds1,0.08,0.3740658948448549,0.6236261517153182,0.20644774163694846,0.2734156360534981,0.0,0.0,1.0,0.0,0.0,0.0,-5.2633142,-15.536035,PNG-L6 / ds1
porcelain_016,Blue-and-White Porcelain,1.0,cond_png_l6_ds1,0.1,0.3740658948448549,0.6236261517153182,0.20644774163694846,0.2734156360534981,0.0,0.0,1.0,0.0,0.0,0.0,-5.2696548,-15.65819,PNG-L6 / ds1
porcelain_016,Blue-and-White Porcelain,1.5,cond_png_l6_ds1,0.15,0.3740658948448549,0.6236261517153182,0.20644774163694846,0.2734156360534981,0.0,0.0,1.0,0.0,0.0,0.0,-5.2993984,-15.99087,PNG-L6 / ds1
porcelain_016,Blue-and-White Porcelain,2.0,cond_png_l6_ds1,0.2,0.3740658948448549,0.6236261517153182,0.20644774163694846,0.2734156360534981,0.0,0.0,1.0,0.0,0.0,0.0,-5.342011,-16.394558,PNG-L6 / ds1
porcelain_016,Blue-and-White Porcelain,3.0,cond_png_l6_ds1,0.3,0.3740658948448549,0.6236261517153182,0.20644774163694846,0.2734156360534981,0.0,0.0,1.0,0.0,0.0,0.0,-5.4131503,-17.190872,PNG-L6 / ds1
porcelain_016,Blue-and-White Porcelain,5.0,cond_png_l6_ds1,0.5,0.3740658948448549,0.6236261517153182,0.20644774163694846,0.2734156360534981,0.0,0.0,1.0,0.0,0.0,0.0,-5.526228,-18.795713,PNG-L6 / ds1
porcelain_016,Blue-and-White Porcelain,8.0,cond_png_l3_ds1,0.8,0.3740658948448549,0.6236261517153182,0.20644774163694846,0.2734156360534981,0.0,0.0,1.0,0.0,0.0,0.0,-5.701835,-20.339617,PNG-L3 / ds1
porcelain_016,Blue-and-White Porcelain,10.0,cond_png_l3_ds1,1.0,0.3740658948448549,0.6236261517153182,0.20644774163694846,0.2734156360534981,0.0,0.0,1.0,0.0,0.0,0.0,-5.7721434,-20.901321,PNG-L3 / ds1
porcelain_020,Blue-and-White Porcelain,0.8,cond_png_l6_ds1,0.08,0.3070780075397622,0.7563247235301338,0.18076863283421382,0.24300589456504576,0.0,0.0,1.0,0.0,0.0,0.0,-6.167421,-15.404639,PNG-L6 / ds1
porcelain_020,Blue-and-White Porcelain,1.0,cond_png_l6_ds1,0.1,0.3070780075397622,0.7563247235301338,0.18076863283421382,0.24300589456504576,0.0,0.0,1.0,0.0,0.0,0.0,-6.1746097,-15.516938,PNG-L6 / ds1
porcelain_020,Blue-and-White Porcelain,1.5,cond_png_l6_ds1,0.15,0.3070780075397622,0.7563247235301338,0.18076863283421382,0.24300589456504576,0.0,0.0,1.0,0.0,0.0,0.0,-6.1741204,-15.924139,PNG-L6 / ds1
porcelain_020,Blue-and-White Porcelain,2.0,cond_png_l6_ds1,0.2,0.3070780075397622,0.7563247235301338,0.18076863283421382,0.24300589456504576,0.0,0.0,1.0,0.0,0.0,0.0,-6.1645274,-16.374496,PNG-L6 / ds1
porcelain_020,Blue-and-White Porcelain,3.0,cond_png_l6_ds1,0.3,0.3070780075397622,0.7563247235301338,0.18076863283421382,0.24300589456504576,0.0,0.0,1.0,0.0,0.0,0.0,-6.1333675,-17.165659,PNG-L6 / ds1
porcelain_020,Blue-and-White Porcelain,5.0,cond_png_l6_ds1,0.5,0.3070780075397622,0.7563247235301338,0.18076863283421382,0.24300589456504576,0.0,0.0,1.0,0.0,0.0,0.0,-5.944257,-18.751638,PNG-L6 / ds1
porcelain_020,Blue-and-White Porcelain,8.0,cond_png_l3_ds1,0.8,0.3070780075397622,0.7563247235301338,0.18076863283421382,0.24300589456504576,0.0,0.0,1.0,0.0,0.0,0.0,-6.0824385,-20.316587,PNG-L3 / ds1
porcelain_020,Blue-and-White Porcelain,10.0,cond_png_l3_ds1,1.0,0.3070780075397622,0.7563247235301338,0.18076863283421382,0.24300589456504576,0.0,0.0,1.0,0.0,0.0,0.0,-6.109981,-20.86804,PNG-L3 / ds1
porcelain_024,Blue-and-White Porcelain,0.8,cond_png_l6_ds1,0.08,0.4187691003591425,0.6651969581060597,0.2858577009347823,0.325695618819976,0.0,0.0,1.0,0.0,0.0,0.0,-5.1271667,-15.18004,PNG-L6 / ds1
porcelain_024,Blue-and-White Porcelain,1.0,cond_png_l6_ds1,0.1,0.4187691003591425,0.6651969581060597,0.2858577009347823,0.325695618819976,0.0,0.0,1.0,0.0,0.0,0.0,-5.128099,-15.24985,PNG-L6 / ds1
porcelain_024,Blue-and-White Porcelain,1.5,cond_png_l6_ds1,0.15,0.4187691003591425,0.6651969581060597,0.2858577009347823,0.325695618819976,0.0,0.0,1.0,0.0,0.0,0.0,-5.1338696,-15.521863,PNG-L6 / ds1
porcelain_024,Blue-and-White Porcelain,2.0,cond_png_l6_ds1,0.2,0.4187691003591425,0.6651969581060597,0.2858577009347823,0.325695618819976,0.0,0.0,1.0,0.0,0.0,0.0,-5.231405,-16.291092,PNG-L6 / ds1
porcelain_024,Blue-and-White Porcelain,3.0,cond_png_l6_ds1,0.3,0.4187691003591425,0.6651969581060597,0.2858577009347823,0.325695618819976,0.0,0.0,1.0,0.0,0.0,0.0,-5.3161955,-17.25451,PNG-L6 / ds1
porcelain_024,Blue-and-White Porcelain,5.0,cond_png_l6_ds1,0.5,0.4187691003591425,0.6651969581060597,0.2858577009347823,0.325695618819976,0.0,0.0,1.0,0.0,0.0,0.0,-5.424415,-18.801022,PNG-L6 / ds1
porcelain_024,Blue-and-White Porcelain,8.0,cond_png_l3_ds1,0.8,0.4187691003591425,0.6651969581060597,0.2858577009347823,0.325695618819976,0.0,0.0,1.0,0.0,0.0,0.0,-5.544399,-20.370945,PNG-L3 / ds1
porcelain_024,Blue-and-White Porcelain,10.0,cond_png_l3_ds1,1.0,0.4187691003591425,0.6651969581060597,0.2858577009347823,0.325695618819976,0.0,0.0,1.0,0.0,0.0,0.0,-5.654958,-20.954334,PNG-L3 / ds1
window_003,Window-Flower,0.8,cond_png_l6_ds1,0.08,0.36909143634700753,0.6854401137521551,0.25406027458228797,0.26227648740755544,0.0,0.0,0.0,0.0,0.0,1.0,-11.896869,-3.8531532,PNG-L6 / ds1
window_003,Window-Flower,1.0,cond_png_l6_ds1,0.1,0.36909143634700753,0.6854401137521551,0.25406027458228797,0.26227648740755544,0.0,0.0,0.0,0.0,0.0,1.0,-11.943132,-3.8691816,PNG-L6 / ds1
window_003,Window-Flower,1.5,cond_png_l6_ds1,0.15,0.36909143634700753,0.6854401137521551,0.25406027458228797,0.26227648740755544,0.0,0.0,0.0,0.0,0.0,1.0,-12.091716,-3.9312236,PNG-L6 / ds1
window_003,Window-Flower,2.0,cond_png_l6_ds1,0.2,0.36909143634700753,0.6854401137521551,0.25406027458228797,0.26227648740755544,0.0,0.0,0.0,0.0,0.0,1.0,-12.246025,-3.946839,PNG-L6 / ds1
window_003,Window-Flower,3.0,cond_png_l6_ds1,0.3,0.36909143634700753,0.6854401137521551,0.25406027458228797,0.26227648740755544,0.0,0.0,0.0,0.0,0.0,1.0,-12.470517,-3.899351,PNG-L6 / ds1
window_003,Window-Flower,5.0,cond_png_l6_ds1,0.5,0.36909143634700753,0.6854401137521551,0.25406027458228797,0.26227648740755544,0.0,0.0,0.0,0.0,0.0,1.0,-12.827841,-3.8063858,PNG-L6 / ds1
window_003,Window-Flower,8.0,cond_png_l3_ds1,0.8,0.36909143634700753,0.6854401137521551,0.25406027458228797,0.26227648740755544,0.0,0.0,0.0,0.0,0.0,1.0,-13.32915,-3.6811018,PNG-L3 / ds1
window_003,Window-Flower,10.0,cond_png_l3_ds1,1.0,0.36909143634700753,0.6854401137521551,0.25406027458228797,0.26227648740755544,0.0,0.0,0.0,0.0,0.0,1.0,-13.586699,-3.6063557,PNG-L3 / ds1
window_008,Window-Flower,0.8,cond_png_l6_ds1,0.08,0.3373485913136586,0.7071349720527319,0.1931268013854825,0.2983389477519517,0.0,0.0,0.0,0.0,0.0,1.0,-11.898496,-3.8528178,PNG-L6 / ds1
window_008,Window-Flower,1.0,cond_png_l6_ds1,0.1,0.3373485913136586,0.7071349720527319,0.1931268013854825,0.2983389477519517,0.0,0.0,0.0,0.0,0.0,1.0,-11.944505,-3.8616672,PNG-L6 / ds1
window_008,Window-Flower,1.5,cond_png_l6_ds1,0.15,0.3373485913136586,0.7071349720527319,0.1931268013854825,0.2983389477519517,0.0,0.0,0.0,0.0,0.0,1.0,-12.09484,-3.926555,PNG-L6 / ds1
window_008,Window-Flower,2.0,cond_png_l6_ds1,0.2,0.3373485913136586,0.7071349720527319,0.1931268013854825,0.2983389477519517,0.0,0.0,0.0,0.0,0.0,1.0,-12.247825,-3.9461648,PNG-L6 / ds1
window_008,Window-Flower,3.0,cond_png_l6_ds1,0.3,0.3373485913136586,0.7071349720527319,0.1931268013854825,0.2983389477519517,0.0,0.0,0.0,0.0,0.0,1.0,-12.471214,-3.8923457,PNG-L6 / ds1
window_008,Window-Flower,5.0,cond_png_l6_ds1,0.5,0.3373485913136586,0.7071349720527319,0.1931268013854825,0.2983389477519517,0.0,0.0,0.0,0.0,0.0,1.0,-12.827883,-3.8057206,PNG-L6 / ds1
window_008,Window-Flower,8.0,cond_png_l3_ds1,0.8,0.3373485913136586,0.7071349720527319,0.1931268013854825,0.2983389477519517,0.0,0.0,0.0,0.0,0.0,1.0,-13.329132,-3.6805372,PNG-L3 / ds1
window_008,Window-Flower,10.0,cond_png_l3_ds1,1.0,0.3373485913136586,0.7071349720527319,0.1931268013854825,0.2983389477519517,0.0,0.0,0.0,0.0,0.0,1.0,-13.587336,-3.6051083,PNG-L3 / ds1
